"encounter_month","total_encounters","active_patients","readmission_rate","average_length_of_stay_days","total_ed_visits","high_utilizer_patients","severe_care_gap_patients","moderate_care_gap_patients","top_organization","top_organization_encounters"
"2015-01-01",589,544,37.61,18.42,7233,5093,12330,0,"d692e283-0833-3201-8e55-4f868a9c0736",6609
"2015-02-01",586,541,37.61,18.42,7233,5093,12330,0,"d692e283-0833-3201-8e55-4f868a9c0736",6609
"2015-03-01",625,544,37.61,18.42,7233,5093,12330,0,"d692e283-0833-3201-8e55-4f868a9c0736",6609
"2015-04-01",588,525,37.61,18.42,7233,5093,12330,0,"d692e283-0833-3201-8e55-4f868a9c0736",6609
"2015-05-01",612,535,37.61,18.42,7233,5093,12330,0,"d692e283-0833-3201-8e55-4f868a9c0736",6609
"2015-06-01",588,515,37.61,18.42,7233,5093,12330,0,"d692e283-0833-3201-8e55-4f868a9c0736",6609
"2015-07-01",625,558,37.61,18.42,7233,5093,12330,0,"d692e283-0833-3201-8e55-4f868a9c0736",6609
"2015-08-01",661,589,37.61,18.42,7233,5093,12330,0,"d692e283-0833-3201-8e55-4f868a9c0736",6609
"2015-09-01",595,549,37.61,18.42,7233,5093,12330,0,"d692e283-0833-3201-8e55-4f868a9c0736",6609
"2015-10-01",661,597,37.61,18.42,7233,5093,12330,0,"d692e283-0833-3201-8e55-4f868a9c0736",6609
"2015-11-01",604,559,37.61,18.42,7233,5093,12330,0,"d692e283-0833-3201-8e55-4f868a9c0736",6609
"2015-12-01",695,640,37.61,18.42,7233,5093,12330,0,"d692e283-0833-3201-8e55-4f868a9c0736",6609
"2016-01-01",651,594,37.61,18.42,7233,5093,12330,0,"d692e283-0833-3201-8e55-4f868a9c0736",6609
"2016-02-01",586,530,37.61,18.42,7233,5093,12330,0,"d692e283-0833-3201-8e55-4f868a9c0736",6609
"2016-03-01",677,580,37.61,18.42,7233,5093,12330,0,"d692e283-0833-3201-8e55-4f868a9c0736",6609
"2016-04-01",618,540,37.61,18.42,7233,5093,12330,0,"d692e283-0833-3201-8e55-4f868a9c0736",6609
"2016-05-01",637,556,37.61,18.42,7233,5093,12330,0,"d692e283-0833-3201-8e55-4f868a9c0736",6609
"2016-06-01",619,548,37.61,18.42,7233,5093,12330,0,"d692e283-0833-3201-8e55-4f868a9c0736",6609
"2016-07-01",665,592,37.61,18.42,7233,5093,12330,0,"d692e283-0833-3201-8e55-4f868a9c0736",6609
"2016-08-01",680,604,37.61,18.42,7233,5093,12330,0,"d692e283-0833-3201-8e55-4f868a9c0736",6609
"2016-09-01",621,564,37.61,18.42,7233,5093,12330,0,"d692e283-0833-3201-8e55-4f868a9c0736",6609
"2016-10-01",660,585,37.61,18.42,7233,5093,12330,0,"d692e283-0833-3201-8e55-4f868a9c0736",6609
"2016-11-01",657,586,37.61,18.42,7233,5093,12330,0,"d692e283-0833-3201-8e55-4f868a9c0736",6609
"2016-12-01",682,610,37.61,18.42,7233,5093,12330,0,"d692e283-0833-3201-8e55-4f868a9c0736",6609
"2017-01-01",656,581,37.61,18.42,7233,5093,12330,0,"d692e283-0833-3201-8e55-4f868a9c0736",6609
"2017-02-01",598,531,37.61,18.42,7233,5093,12330,0,"d692e283-0833-3201-8e55-4f868a9c0736",6609
"2017-03-01",653,592,37.61,18.42,7233,5093,12330,0,"d692e283-0833-3201-8e55-4f868a9c0736",6609
"2017-04-01",573,532,37.61,18.42,7233,5093,12330,0,"d692e283-0833-3201-8e55-4f868a9c0736",6609
"2017-05-01",654,599,37.61,18.42,7233,5093,12330,0,"d692e283-0833-3201-8e55-4f868a9c0736",6609
"2017-06-01",614,550,37.61,18.42,7233,5093,12330,0,"d692e283-0833-3201-8e55-4f868a9c0736",6609
"2017-07-01",666,596,37.61,18.42,7233,5093,12330,0,"d692e283-0833-3201-8e55-4f868a9c0736",6609
"2017-08-01",668,610,37.61,18.42,7233,5093,12330,0,"d692e283-0833-3201-8e55-4f868a9c0736",6609
"2017-09-01",637,562,37.61,18.42,7233,5093,12330,0,"d692e283-0833-3201-8e55-4f868a9c0736",6609
"2017-10-01",667,601,37.61,18.42,7233,5093,12330,0,"d692e283-0833-3201-8e55-4f868a9c0736",6609
"2017-11-01",663,594,37.61,18.42,7233,5093,12330,0,"d692e283-0833-3201-8e55-4f868a9c0736",6609
"2017-12-01",716,646,37.61,18.42,7233,5093,12330,0,"d692e283-0833-3201-8e55-4f868a9c0736",6609
"2018-01-01",697,630,37.61,18.42,7233,5093,12330,0,"d692e283-0833-3201-8e55-4f868a9c0736",6609
"2018-02-01",588,538,37.61,18.42,7233,5093,12330,0,"d692e283-0833-3201-8e55-4f868a9c0736",6609
"2018-03-01",664,601,37.61,18.42,7233,5093,12330,0,"d692e283-0833-3201-8e55-4f868a9c0736",6609
"2018-04-01",628,571,37.61,18.42,7233,5093,12330,0,"d692e283-0833-3201-8e55-4f868a9c0736",6609
"2018-05-01",677,606,37.61,18.42,7233,5093,12330,0,"d692e283-0833-3201-8e55-4f868a9c0736",6609
"2018-06-01",699,624,37.61,18.42,7233,5093,12330,0,"d692e283-0833-3201-8e55-4f868a9c0736",6609
"2018-07-01",758,673,37.61,18.42,7233,5093,12330,0,"d692e283-0833-3201-8e55-4f868a9c0736",6609
"2018-08-01",789,705,37.61,18.42,7233,5093,12330,0,"d692e283-0833-3201-8e55-4f868a9c0736",6609
"2018-09-01",765,699,37.61,18.42,7233,5093,12330,0,"d692e283-0833-3201-8e55-4f868a9c0736",6609
"2018-10-01",793,717,37.61,18.42,7233,5093,12330,0,"d692e283-0833-3201-8e55-4f868a9c0736",6609
"2018-11-01",776,687,37.61,18.42,7233,5093,12330,0,"d692e283-0833-3201-8e55-4f868a9c0736",6609
"2018-12-01",888,771,37.61,18.42,7233,5093,12330,0,"d692e283-0833-3201-8e55-4f868a9c0736",6609
"2019-01-01",868,760,37.61,18.42,7233,5093,12330,0,"d692e283-0833-3201-8e55-4f868a9c0736",6609
"2019-02-01",701,627,37.61,18.42,7233,5093,12330,0,"d692e283-0833-3201-8e55-4f868a9c0736",6609
"2019-03-01",839,747,37.61,18.42,7233,5093,12330,0,"d692e283-0833-3201-8e55-4f868a9c0736",6609
"2019-04-01",914,766,37.61,18.42,7233,5093,12330,0,"d692e283-0833-3201-8e55-4f868a9c0736",6609
"2019-05-01",1256,1028,37.61,18.42,7233,5093,12330,0,"d692e283-0833-3201-8e55-4f868a9c0736",6609
"2019-06-01",2951,2039,37.61,18.42,7233,5093,12330,0,"d692e283-0833-3201-8e55-4f868a9c0736",6609
"2019-07-01",2995,2097,37.61,18.42,7233,5093,12330,0,"d692e283-0833-3201-8e55-4f868a9c0736",6609
"2019-08-01",2992,2074,37.61,18.42,7233,5093,12330,0,"d692e283-0833-3201-8e55-4f868a9c0736",6609
"2019-09-01",2940,2057,37.61,18.42,7233,5093,12330,0,"d692e283-0833-3201-8e55-4f868a9c0736",6609
"2019-10-01",2940,2037,37.61,18.42,7233,5093,12330,0,"d692e283-0833-3201-8e55-4f868a9c0736",6609
"2019-11-01",2950,2095,37.61,18.42,7233,5093,12330,0,"d692e283-0833-3201-8e55-4f868a9c0736",6609
"2019-12-01",3082,2136,37.61,18.42,7233,5093,12330,0,"d692e283-0833-3201-8e55-4f868a9c0736",6609
"2020-01-01",3178,2221,37.61,18.42,7233,5093,12330,0,"d692e283-0833-3201-8e55-4f868a9c0736",6609
"2020-02-01",5082,3504,37.61,18.42,7233,5093,12330,0,"d692e283-0833-3201-8e55-4f868a9c0736",6609
"2020-03-01",12372,7910,37.61,18.42,7233,5093,12330,0,"d692e283-0833-3201-8e55-4f868a9c0736",6609
"2020-04-01",2938,2117,37.61,18.42,7233,5093,12330,0,"d692e283-0833-3201-8e55-4f868a9c0736",6609
"2020-05-01",2330,1723,37.61,18.42,7233,5093,12330,0,"d692e283-0833-3201-8e55-4f868a9c0736",6609
